Code,Stripe_ID,Date_creation
KIFM2Z,promo_1T7fGSD3JHLNgQanPdzFlmb9,2026-03-05T17:01:13.969Z
KIFR9P,promo_1T7fGTD3JHLNgQanVozh5V31,2026-03-05T17:01:13.969Z
KIFB4W,promo_1T7fGVD3JHLNgQanxVmMKDG8,2026-03-05T17:01:13.969Z
KIFJ7T,promo_1T7fGWD3JHLNgQanXCbSK5B0,2026-03-05T17:01:13.969Z
KIFH3X,promo_1T7fGYD3JHLNgQan81cCJeQa,2026-03-05T17:01:13.969Z
KIFN1V,promo_1T7fGZD3JHLNgQank9qQR3Wl,2026-03-05T17:01:13.969Z
KIFK8M,promo_1T7fGbD3JHLNgQan1WEV49Rv,2026-03-05T17:01:13.969Z
KIFC5D,promo_1T7fGcD3JHLNgQanMWl70aMJ,2026-03-05T17:01:13.969Z
KIFG2Y,promo_1T7fGeD3JHLNgQanXj76775V,2026-03-05T17:01:13.969Z
KIFQ6L,promo_1T7fGfD3JHLNgQanUBRpeDZe,2026-03-05T17:01:13.969Z
KIFS3N,promo_1T7fGhD3JHLNgQanTEgLMkfm,2026-03-05T17:01:13.969Z
KIFT4R,promo_1T7fGiD3JHLNgQanFbWo2UOG,2026-03-05T17:01:13.969Z
KIFP7K,promo_1T7fGkD3JHLNgQanh9Bsn7pG,2026-03-05T17:01:13.969Z
KIFV9W,promo_1T7fGlD3JHLNgQanduXtxpFA,2026-03-05T17:01:13.969Z
KIFW1J,promo_1T7fGnD3JHLNgQanHKoHTuom,2026-03-05T17:01:13.969Z
KIFX8Z,promo_1T7fGoD3JHLNgQanFYusu55J,2026-03-05T17:01:13.969Z
KIFZ2Q,promo_1T7fGqD3JHLNgQanhgLPpGNB,2026-03-05T17:01:13.969Z
KIFY5B,promo_1T7fGrD3JHLNgQan34gy5UHr,2026-03-05T17:01:13.969Z
KIFA3M,promo_1T7fGsD3JHLNgQan7eTXsinK,2026-03-05T17:01:13.969Z
KIFD7V,promo_1T7fGuD3JHLNgQanhdNvtKjb,2026-03-05T17:01:13.969Z